table,column,property,type,nullable,primary_key,comment,source_file
notification_logs,id,id,uuid,no,yes,,monitoreo-v2/backend/src/modules/alerts/entities/notification-log.entity.ts
notification_logs,tenant_id,tenantId,varchar,no,no,,monitoreo-v2/backend/src/modules/alerts/entities/notification-log.entity.ts
notification_logs,alert_id,alertId,varchar,no,no,,monitoreo-v2/backend/src/modules/alerts/entities/notification-log.entity.ts
notification_logs,channel,channel,varchar(20),no,no,,monitoreo-v2/backend/src/modules/alerts/entities/notification-log.entity.ts
notification_logs,status,status,varchar(20),no,no,,monitoreo-v2/backend/src/modules/alerts/entities/notification-log.entity.ts
notification_logs,recipient,recipient,text,yes,no,,monitoreo-v2/backend/src/modules/alerts/entities/notification-log.entity.ts
notification_logs,subject,subject,text,no,no,,monitoreo-v2/backend/src/modules/alerts/entities/notification-log.entity.ts
notification_logs,body,body,text,yes,no,,monitoreo-v2/backend/src/modules/alerts/entities/notification-log.entity.ts
notification_logs,error_message,errorMessage,text,yes,no,,monitoreo-v2/backend/src/modules/alerts/entities/notification-log.entity.ts
notification_logs,created_at,createdAt,timestamptz,no,no,,monitoreo-v2/backend/src/modules/alerts/entities/notification-log.entity.ts
api_keys,id,id,uuid,no,yes,,monitoreo-v2/backend/src/modules/api-keys/entities/api-key.entity.ts
api_keys,tenant_id,tenantId,varchar,no,no,,monitoreo-v2/backend/src/modules/api-keys/entities/api-key.entity.ts
api_keys,name,name,varchar(255),no,no,,monitoreo-v2/backend/src/modules/api-keys/entities/api-key.entity.ts
api_keys,key_hash,keyHash,varchar(64),no,no,SHA-256 hex of the full API key.,monitoreo-v2/backend/src/modules/api-keys/entities/api-key.entity.ts
api_keys,key_prefix,keyPrefix,varchar(12),no,no,First 8 chars of the key for display/identification.,monitoreo-v2/backend/src/modules/api-keys/entities/api-key.entity.ts
api_keys,permissions,permissions,text,no,no,"Permission strings, e.g. ['buildings:read', 'meters:read'].",monitoreo-v2/backend/src/modules/api-keys/entities/api-key.entity.ts
api_keys,building_ids,buildingIds,uuid,no,no,Building UUIDs this key can access. Empty = all buildings.,monitoreo-v2/backend/src/modules/api-keys/entities/api-key.entity.ts
api_keys,rate_limit_per_minute,rateLimitPerMinute,int,no,no,,monitoreo-v2/backend/src/modules/api-keys/entities/api-key.entity.ts
api_keys,ingress_rate_limit_per_minute,ingressRateLimitPerMinute,int,yes,no,Optional higher limit for POST /v1/measurements. NULL = use ingress multiplier.,monitoreo-v2/backend/src/modules/api-keys/entities/api-key.entity.ts
api_keys,expires_at,expiresAt,timestamptz,yes,no,,monitoreo-v2/backend/src/modules/api-keys/entities/api-key.entity.ts
api_keys,is_active,isActive,boolean,no,no,,monitoreo-v2/backend/src/modules/api-keys/entities/api-key.entity.ts
api_keys,last_used_at,lastUsedAt,timestamptz,yes,no,,monitoreo-v2/backend/src/modules/api-keys/entities/api-key.entity.ts
api_keys,created_by,createdBy,uuid,yes,no,,monitoreo-v2/backend/src/modules/api-keys/entities/api-key.entity.ts
api_keys,created_at,createdAt,timestamptz,no,no,,monitoreo-v2/backend/src/modules/api-keys/entities/api-key.entity.ts
api_keys,updated_at,updatedAt,timestamptz,no,no,,monitoreo-v2/backend/src/modules/api-keys/entities/api-key.entity.ts
tenant_sso_config,issuer,issuer,text,no,no,,monitoreo-v2/backend/src/modules/auth/entities/tenant-sso-config.entity.ts
tenant_sso_config,client_id,clientId,text,no,no,,monitoreo-v2/backend/src/modules/auth/entities/tenant-sso-config.entity.ts
tenant_sso_config,metadata_url,metadataUrl,text,yes,no,,monitoreo-v2/backend/src/modules/auth/entities/tenant-sso-config.entity.ts
tenant_sso_config,encrypted_client_secret,encryptedClientSecret,text,no,no,,monitoreo-v2/backend/src/modules/auth/entities/tenant-sso-config.entity.ts
tenant_sso_config,scim_webhook_secret,scimWebhookSecret,text,yes,no,,monitoreo-v2/backend/src/modules/auth/entities/tenant-sso-config.entity.ts
tenant_sso_config,created_at,createdAt,timestamptz,no,no,,monitoreo-v2/backend/src/modules/auth/entities/tenant-sso-config.entity.ts
tenant_sso_config,updated_at,updatedAt,timestamptz,no,no,,monitoreo-v2/backend/src/modules/auth/entities/tenant-sso-config.entity.ts
iot_readings,value,value,double precision,no,no,,monitoreo-v2/backend/src/modules/iot-readings/entities/iot-reading.entity.ts
iot_readings,quality,quality,integer,no,no,,monitoreo-v2/backend/src/modules/iot-readings/entities/iot-reading.entity.ts
oauth_clients,id,id,uuid,no,yes,,monitoreo-v2/backend/src/modules/oauth-clients/entities/oauth-client.entity.ts
oauth_clients,tenant_id,tenantId,varchar,no,no,,monitoreo-v2/backend/src/modules/oauth-clients/entities/oauth-client.entity.ts
oauth_clients,name,name,varchar(255),no,no,,monitoreo-v2/backend/src/modules/oauth-clients/entities/oauth-client.entity.ts
oauth_clients,client_id,clientId,varchar(64),no,no,,monitoreo-v2/backend/src/modules/oauth-clients/entities/oauth-client.entity.ts
oauth_clients,secret_hash,secretHash,varchar(64),no,no,,monitoreo-v2/backend/src/modules/oauth-clients/entities/oauth-client.entity.ts
oauth_clients,client_id_prefix,clientIdPrefix,varchar(12),no,no,,monitoreo-v2/backend/src/modules/oauth-clients/entities/oauth-client.entity.ts
oauth_clients,scopes,scopes,text,no,no,,monitoreo-v2/backend/src/modules/oauth-clients/entities/oauth-client.entity.ts
oauth_clients,building_ids,buildingIds,uuid,no,no,,monitoreo-v2/backend/src/modules/oauth-clients/entities/oauth-client.entity.ts
oauth_clients,token_ttl_seconds,tokenTtlSeconds,int,no,no,,monitoreo-v2/backend/src/modules/oauth-clients/entities/oauth-client.entity.ts
oauth_clients,is_active,isActive,boolean,no,no,,monitoreo-v2/backend/src/modules/oauth-clients/entities/oauth-client.entity.ts
oauth_clients,last_used_at,lastUsedAt,timestamptz,yes,no,,monitoreo-v2/backend/src/modules/oauth-clients/entities/oauth-client.entity.ts
oauth_clients,created_by,createdBy,uuid,yes,no,,monitoreo-v2/backend/src/modules/oauth-clients/entities/oauth-client.entity.ts
oauth_clients,created_at,createdAt,timestamptz,no,no,,monitoreo-v2/backend/src/modules/oauth-clients/entities/oauth-client.entity.ts
oauth_clients,updated_at,updatedAt,timestamptz,no,no,,monitoreo-v2/backend/src/modules/oauth-clients/entities/oauth-client.entity.ts
alert_rules,id,id,uuid,no,yes,,monitoreo-v2/backend/src/modules/platform/entities/alert-rule.entity.ts
alert_rules,tenant_id,tenantId,varchar,no,no,,monitoreo-v2/backend/src/modules/platform/entities/alert-rule.entity.ts
alert_rules,building_id,buildingId,uuid,yes,no,,monitoreo-v2/backend/src/modules/platform/entities/alert-rule.entity.ts
alert_rules,alert_type_code,alertTypeCode,varchar(50),no,no,,monitoreo-v2/backend/src/modules/platform/entities/alert-rule.entity.ts
alert_rules,name,name,varchar(255),no,no,,monitoreo-v2/backend/src/modules/platform/entities/alert-rule.entity.ts
alert_rules,description,description,text,yes,no,,monitoreo-v2/backend/src/modules/platform/entities/alert-rule.entity.ts
alert_rules,severity,severity,varchar(20),no,no,,monitoreo-v2/backend/src/modules/platform/entities/alert-rule.entity.ts
alert_rules,is_active,isActive,boolean,no,no,,monitoreo-v2/backend/src/modules/platform/entities/alert-rule.entity.ts
alert_rules,check_interval_seconds,checkIntervalSeconds,integer,no,no,,monitoreo-v2/backend/src/modules/platform/entities/alert-rule.entity.ts
alert_rules,config,config,jsonb,no,no,,monitoreo-v2/backend/src/modules/platform/entities/alert-rule.entity.ts
alert_rules,escalation_l1_minutes,escalationL1Minutes,integer,no,no,,monitoreo-v2/backend/src/modules/platform/entities/alert-rule.entity.ts
alert_rules,escalation_l2_minutes,escalationL2Minutes,integer,no,no,,monitoreo-v2/backend/src/modules/platform/entities/alert-rule.entity.ts
alert_rules,escalation_l3_minutes,escalationL3Minutes,integer,no,no,,monitoreo-v2/backend/src/modules/platform/entities/alert-rule.entity.ts
alert_rules,notify_email,notifyEmail,boolean,no,no,,monitoreo-v2/backend/src/modules/platform/entities/alert-rule.entity.ts
alert_rules,notify_push,notifyPush,boolean,no,no,,monitoreo-v2/backend/src/modules/platform/entities/alert-rule.entity.ts
alert_rules,notify_whatsapp,notifyWhatsapp,boolean,no,no,,monitoreo-v2/backend/src/modules/platform/entities/alert-rule.entity.ts
alert_rules,notify_sms,notifySms,boolean,no,no,,monitoreo-v2/backend/src/modules/platform/entities/alert-rule.entity.ts
alert_rules,created_by,createdBy,uuid,yes,no,,monitoreo-v2/backend/src/modules/platform/entities/alert-rule.entity.ts
alert_rules,created_at,createdAt,timestamptz,no,no,,monitoreo-v2/backend/src/modules/platform/entities/alert-rule.entity.ts
alert_rules,updated_at,updatedAt,timestamptz,no,no,,monitoreo-v2/backend/src/modules/platform/entities/alert-rule.entity.ts
backfill_jobs,id,id,uuid,no,yes,,monitoreo-v2/backend/src/modules/platform/entities/backfill-job.entity.ts
backfill_jobs,tenant_id,tenantId,varchar,no,no,,monitoreo-v2/backend/src/modules/platform/entities/backfill-job.entity.ts
backfill_jobs,meter_id,meterId,varchar,no,no,,monitoreo-v2/backend/src/modules/platform/entities/backfill-job.entity.ts
backfill_jobs,from_ts,fromTs,timestamptz,no,no,,monitoreo-v2/backend/src/modules/platform/entities/backfill-job.entity.ts
backfill_jobs,to_ts,toTs,timestamptz,no,no,,monitoreo-v2/backend/src/modules/platform/entities/backfill-job.entity.ts
backfill_jobs,rows_inserted,rowsInserted,integer,no,no,,monitoreo-v2/backend/src/modules/platform/entities/backfill-job.entity.ts
backfill_jobs,error,error,text,yes,no,,monitoreo-v2/backend/src/modules/platform/entities/backfill-job.entity.ts
backfill_jobs,created_at,createdAt,timestamptz,no,no,,monitoreo-v2/backend/src/modules/platform/entities/backfill-job.entity.ts
backfill_jobs,updated_at,updatedAt,timestamptz,no,no,,monitoreo-v2/backend/src/modules/platform/entities/backfill-job.entity.ts
building_hierarchy,id,id,uuid,no,yes,,monitoreo-v2/backend/src/modules/platform/entities/building-hierarchy.entity.ts
building_hierarchy,tenant_id,tenantId,varchar,no,no,,monitoreo-v2/backend/src/modules/platform/entities/building-hierarchy.entity.ts
building_hierarchy,building_id,buildingId,varchar,no,no,,monitoreo-v2/backend/src/modules/platform/entities/building-hierarchy.entity.ts
building_hierarchy,parent_id,parentId,uuid,yes,no,,monitoreo-v2/backend/src/modules/platform/entities/building-hierarchy.entity.ts
building_hierarchy,name,name,varchar(255),no,no,,monitoreo-v2/backend/src/modules/platform/entities/building-hierarchy.entity.ts
building_hierarchy,level_type,levelType,varchar(30),no,no,,monitoreo-v2/backend/src/modules/platform/entities/building-hierarchy.entity.ts
building_hierarchy,sort_order,sortOrder,integer,no,no,,monitoreo-v2/backend/src/modules/platform/entities/building-hierarchy.entity.ts
building_hierarchy,metadata,metadata,jsonb,no,no,,monitoreo-v2/backend/src/modules/platform/entities/building-hierarchy.entity.ts
building_hierarchy,created_at,createdAt,timestamptz,no,no,,monitoreo-v2/backend/src/modules/platform/entities/building-hierarchy.entity.ts
building_hierarchy,updated_at,updatedAt,timestamptz,no,no,,monitoreo-v2/backend/src/modules/platform/entities/building-hierarchy.entity.ts
buildings,id,id,uuid,no,yes,,monitoreo-v2/backend/src/modules/platform/entities/building.entity.ts
buildings,tenant_id,tenantId,varchar,no,no,,monitoreo-v2/backend/src/modules/platform/entities/building.entity.ts
buildings,name,name,varchar(255),no,no,,monitoreo-v2/backend/src/modules/platform/entities/building.entity.ts
buildings,code,code,varchar(50),no,no,,monitoreo-v2/backend/src/modules/platform/entities/building.entity.ts
buildings,address,address,text,yes,no,,monitoreo-v2/backend/src/modules/platform/entities/building.entity.ts
buildings,area_sqm,areaSqm,decimal,yes,no,,monitoreo-v2/backend/src/modules/platform/entities/building.entity.ts
buildings,is_active,isActive,boolean,no,no,,monitoreo-v2/backend/src/modules/platform/entities/building.entity.ts
buildings,region_id,regionId,uuid,yes,no,,monitoreo-v2/backend/src/modules/platform/entities/building.entity.ts
buildings,country_code,countryCode,char(2),yes,no,,monitoreo-v2/backend/src/modules/platform/entities/building.entity.ts
buildings,timezone,timezone,varchar(50),yes,no,,monitoreo-v2/backend/src/modules/platform/entities/building.entity.ts
buildings,external_site_id,externalSiteId,varchar(100),yes,no,,monitoreo-v2/backend/src/modules/platform/entities/building.entity.ts
buildings,site_kind,siteKind,varchar(30),yes,no,,monitoreo-v2/backend/src/modules/platform/entities/building.entity.ts
buildings,created_at,createdAt,timestamptz,no,no,,monitoreo-v2/backend/src/modules/platform/entities/building.entity.ts
buildings,updated_at,updatedAt,timestamptz,no,no,,monitoreo-v2/backend/src/modules/platform/entities/building.entity.ts
concentrator_meters,bus_number,busNumber,smallint,no,no,,monitoreo-v2/backend/src/modules/platform/entities/concentrator-meter.entity.ts
concentrator_meters,modbus_address,modbusAddress,smallint,yes,no,,monitoreo-v2/backend/src/modules/platform/entities/concentrator-meter.entity.ts
concentrators,id,id,uuid,no,yes,,monitoreo-v2/backend/src/modules/platform/entities/concentrator.entity.ts
concentrators,tenant_id,tenantId,varchar,no,no,,monitoreo-v2/backend/src/modules/platform/entities/concentrator.entity.ts
concentrators,building_id,buildingId,varchar,no,no,,monitoreo-v2/backend/src/modules/platform/entities/concentrator.entity.ts
concentrators,name,name,varchar(255),no,no,,monitoreo-v2/backend/src/modules/platform/entities/concentrator.entity.ts
concentrators,model,model,varchar(100),no,no,,monitoreo-v2/backend/src/modules/platform/entities/concentrator.entity.ts
concentrators,serial_number,serialNumber,varchar(100),yes,no,,monitoreo-v2/backend/src/modules/platform/entities/concentrator.entity.ts
concentrators,ip_address,ipAddress,inet,yes,no,,monitoreo-v2/backend/src/modules/platform/entities/concentrator.entity.ts
concentrators,firmware_version,firmwareVersion,varchar(50),yes,no,,monitoreo-v2/backend/src/modules/platform/entities/concentrator.entity.ts
concentrators,status,status,varchar(20),no,no,,monitoreo-v2/backend/src/modules/platform/entities/concentrator.entity.ts
concentrators,last_heartbeat_at,lastHeartbeatAt,timestamptz,yes,no,,monitoreo-v2/backend/src/modules/platform/entities/concentrator.entity.ts
concentrators,mqtt_connected,mqttConnected,boolean,no,no,,monitoreo-v2/backend/src/modules/platform/entities/concentrator.entity.ts
concentrators,battery_level,batteryLevel,smallint,yes,no,,monitoreo-v2/backend/src/modules/platform/entities/concentrator.entity.ts
concentrators,metadata,metadata,jsonb,no,no,,monitoreo-v2/backend/src/modules/platform/entities/concentrator.entity.ts
concentrators,created_at,createdAt,timestamptz,no,no,,monitoreo-v2/backend/src/modules/platform/entities/concentrator.entity.ts
concentrators,updated_at,updatedAt,timestamptz,no,no,,monitoreo-v2/backend/src/modules/platform/entities/concentrator.entity.ts
data_contracts,id,id,uuid,no,yes,,monitoreo-v2/backend/src/modules/platform/entities/data-contract.entity.ts
data_contracts,tenant_id,tenantId,uuid,yes,no,,monitoreo-v2/backend/src/modules/platform/entities/data-contract.entity.ts
data_contracts,name,name,varchar(100),no,no,,monitoreo-v2/backend/src/modules/platform/entities/data-contract.entity.ts
data_contracts,version,version,varchar(50),no,no,,monitoreo-v2/backend/src/modules/platform/entities/data-contract.entity.ts
data_contracts,schema_json,schemaJson,jsonb,no,no,,monitoreo-v2/backend/src/modules/platform/entities/data-contract.entity.ts
data_contracts,effective_from,effectiveFrom,timestamptz,no,no,,monitoreo-v2/backend/src/modules/platform/entities/data-contract.entity.ts
data_contracts,created_at,createdAt,timestamptz,no,no,,monitoreo-v2/backend/src/modules/platform/entities/data-contract.entity.ts
data_export_jobs,id,id,uuid,no,yes,,monitoreo-v2/backend/src/modules/platform/entities/data-export-job.entity.ts
data_export_jobs,tenant_id,tenantId,varchar,no,no,,monitoreo-v2/backend/src/modules/platform/entities/data-export-job.entity.ts
data_export_jobs,params,params,jsonb,no,no,,monitoreo-v2/backend/src/modules/platform/entities/data-export-job.entity.ts
data_export_jobs,s3_key,s3Key,varchar(512),yes,no,,monitoreo-v2/backend/src/modules/platform/entities/data-export-job.entity.ts
data_export_jobs,local_path,localPath,varchar(512),yes,no,,monitoreo-v2/backend/src/modules/platform/entities/data-export-job.entity.ts
data_export_jobs,row_count,rowCount,integer,no,no,,monitoreo-v2/backend/src/modules/platform/entities/data-export-job.entity.ts
data_export_jobs,error,error,text,yes,no,,monitoreo-v2/backend/src/modules/platform/entities/data-export-job.entity.ts
data_export_jobs,expires_at,expiresAt,timestamptz,yes,no,,monitoreo-v2/backend/src/modules/platform/entities/data-export-job.entity.ts
data_export_jobs,created_at,createdAt,timestamptz,no,no,,monitoreo-v2/backend/src/modules/platform/entities/data-export-job.entity.ts
data_export_jobs,updated_at,updatedAt,timestamptz,no,no,,monitoreo-v2/backend/src/modules/platform/entities/data-export-job.entity.ts
data_quality_daily,measured_pct,measuredPct,decimal,no,no,,monitoreo-v2/backend/src/modules/platform/entities/data-quality-daily.entity.ts
data_quality_daily,estimated_pct,estimatedPct,decimal,no,no,,monitoreo-v2/backend/src/modules/platform/entities/data-quality-daily.entity.ts
data_quality_daily,invalid_pct,invalidPct,decimal,no,no,,monitoreo-v2/backend/src/modules/platform/entities/data-quality-daily.entity.ts
data_quality_daily,unknown_pct,unknownPct,decimal,no,no,,monitoreo-v2/backend/src/modules/platform/entities/data-quality-daily.entity.ts
data_quality_daily,total,total,bigint,no,no,,monitoreo-v2/backend/src/modules/platform/entities/data-quality-daily.entity.ts
data_slo_breaches,id,id,uuid,no,yes,,monitoreo-v2/backend/src/modules/platform/entities/data-slo-breach.entity.ts
data_slo_breaches,tenant_id,tenantId,varchar,no,no,,monitoreo-v2/backend/src/modules/platform/entities/data-slo-breach.entity.ts
data_slo_breaches,slo_type,sloType,varchar(50),no,no,,monitoreo-v2/backend/src/modules/platform/entities/data-slo-breach.entity.ts
data_slo_breaches,breached_at,breachedAt,timestamptz,no,no,,monitoreo-v2/backend/src/modules/platform/entities/data-slo-breach.entity.ts
data_slo_breaches,detail,detail,jsonb,no,no,,monitoreo-v2/backend/src/modules/platform/entities/data-slo-breach.entity.ts
etl_watermarks,last_cursor,lastCursor,text,no,no,,monitoreo-v2/backend/src/modules/platform/entities/etl-watermark.entity.ts
etl_watermarks,updated_at,updatedAt,timestamptz,no,no,,monitoreo-v2/backend/src/modules/platform/entities/etl-watermark.entity.ts
fault_events,id,id,uuid,no,yes,,monitoreo-v2/backend/src/modules/platform/entities/fault-event.entity.ts
fault_events,tenant_id,tenantId,varchar,no,no,,monitoreo-v2/backend/src/modules/platform/entities/fault-event.entity.ts
fault_events,building_id,buildingId,varchar,no,no,,monitoreo-v2/backend/src/modules/platform/entities/fault-event.entity.ts
fault_events,meter_id,meterId,uuid,yes,no,,monitoreo-v2/backend/src/modules/platform/entities/fault-event.entity.ts
fault_events,concentrator_id,concentratorId,uuid,yes,no,,monitoreo-v2/backend/src/modules/platform/entities/fault-event.entity.ts
fault_events,fault_type,faultType,varchar(50),no,no,,monitoreo-v2/backend/src/modules/platform/entities/fault-event.entity.ts
fault_events,severity,severity,varchar(20),no,no,,monitoreo-v2/backend/src/modules/platform/entities/fault-event.entity.ts
fault_events,description,description,text,yes,no,,monitoreo-v2/backend/src/modules/platform/entities/fault-event.entity.ts
fault_events,started_at,startedAt,timestamptz,no,no,,monitoreo-v2/backend/src/modules/platform/entities/fault-event.entity.ts
fault_events,resolved_at,resolvedAt,timestamptz,yes,no,,monitoreo-v2/backend/src/modules/platform/entities/fault-event.entity.ts
fault_events,resolution_notes,resolutionNotes,text,yes,no,,monitoreo-v2/backend/src/modules/platform/entities/fault-event.entity.ts
fault_events,resolved_by,resolvedBy,uuid,yes,no,,monitoreo-v2/backend/src/modules/platform/entities/fault-event.entity.ts
fault_events,created_at,createdAt,timestamptz,no,no,,monitoreo-v2/backend/src/modules/platform/entities/fault-event.entity.ts
ingest_gaps,id,id,uuid,no,yes,,monitoreo-v2/backend/src/modules/platform/entities/ingest-gap.entity.ts
ingest_gaps,tenant_id,tenantId,varchar,no,no,,monitoreo-v2/backend/src/modules/platform/entities/ingest-gap.entity.ts
ingest_gaps,meter_id,meterId,varchar,no,no,,monitoreo-v2/backend/src/modules/platform/entities/ingest-gap.entity.ts
ingest_gaps,gap_start,gapStart,timestamptz,no,no,,monitoreo-v2/backend/src/modules/platform/entities/ingest-gap.entity.ts
ingest_gaps,gap_end,gapEnd,timestamptz,no,no,,monitoreo-v2/backend/src/modules/platform/entities/ingest-gap.entity.ts
ingest_gaps,detected_at,detectedAt,timestamptz,no,no,,monitoreo-v2/backend/src/modules/platform/entities/ingest-gap.entity.ts
ingest_gaps,resolved_at,resolvedAt,timestamptz,yes,no,,monitoreo-v2/backend/src/modules/platform/entities/ingest-gap.entity.ts
ingest_gaps,status,status,enum,no,no,,monitoreo-v2/backend/src/modules/platform/entities/ingest-gap.entity.ts
integration_sync_logs,id,id,bigint,no,yes,,monitoreo-v2/backend/src/modules/platform/entities/integration-sync-log.entity.ts
integration_sync_logs,integration_id,integrationId,varchar,no,no,,monitoreo-v2/backend/src/modules/platform/entities/integration-sync-log.entity.ts
integration_sync_logs,status,status,varchar(20),no,no,,monitoreo-v2/backend/src/modules/platform/entities/integration-sync-log.entity.ts
integration_sync_logs,records_synced,recordsSynced,integer,no,no,,monitoreo-v2/backend/src/modules/platform/entities/integration-sync-log.entity.ts
integration_sync_logs,error_message,errorMessage,text,yes,no,,monitoreo-v2/backend/src/modules/platform/entities/integration-sync-log.entity.ts
integration_sync_logs,started_at,startedAt,timestamptz,no,no,,monitoreo-v2/backend/src/modules/platform/entities/integration-sync-log.entity.ts
integration_sync_logs,completed_at,completedAt,timestamptz,yes,no,,monitoreo-v2/backend/src/modules/platform/entities/integration-sync-log.entity.ts
integration_sync_logs,created_at,createdAt,timestamptz,no,no,,monitoreo-v2/backend/src/modules/platform/entities/integration-sync-log.entity.ts
integrations,id,id,uuid,no,yes,,monitoreo-v2/backend/src/modules/platform/entities/integration.entity.ts
integrations,tenant_id,tenantId,varchar,no,no,,monitoreo-v2/backend/src/modules/platform/entities/integration.entity.ts
integrations,name,name,varchar(255),no,no,,monitoreo-v2/backend/src/modules/platform/entities/integration.entity.ts
integrations,integration_type,integrationType,varchar(50),no,no,,monitoreo-v2/backend/src/modules/platform/entities/integration.entity.ts
integrations,status,status,varchar(20),no,no,,monitoreo-v2/backend/src/modules/platform/entities/integration.entity.ts
integrations,config,config,jsonb,no,no,,monitoreo-v2/backend/src/modules/platform/entities/integration.entity.ts
integrations,last_sync_at,lastSyncAt,timestamptz,yes,no,,monitoreo-v2/backend/src/modules/platform/entities/integration.entity.ts
integrations,error_message,errorMessage,text,yes,no,,monitoreo-v2/backend/src/modules/platform/entities/integration.entity.ts
integrations,created_at,createdAt,timestamptz,no,no,,monitoreo-v2/backend/src/modules/platform/entities/integration.entity.ts
integrations,updated_at,updatedAt,timestamptz,no,no,,monitoreo-v2/backend/src/modules/platform/entities/integration.entity.ts
invoice_line_items,id,id,uuid,no,yes,,monitoreo-v2/backend/src/modules/platform/entities/invoice-line-item.entity.ts
invoice_line_items,invoice_id,invoiceId,varchar,no,no,,monitoreo-v2/backend/src/modules/platform/entities/invoice-line-item.entity.ts
invoice_line_items,meter_id,meterId,varchar,no,no,,monitoreo-v2/backend/src/modules/platform/entities/invoice-line-item.entity.ts
invoice_line_items,tenant_unit_id,tenantUnitId,uuid,yes,no,,monitoreo-v2/backend/src/modules/platform/entities/invoice-line-item.entity.ts
invoice_line_items,kwh_consumption,kwhConsumption,decimal,no,no,,monitoreo-v2/backend/src/modules/platform/entities/invoice-line-item.entity.ts
invoice_line_items,kw_demand_max,kwDemandMax,decimal,no,no,,monitoreo-v2/backend/src/modules/platform/entities/invoice-line-item.entity.ts
invoice_line_items,kvarh_reactive,kvarhReactive,decimal,no,no,,monitoreo-v2/backend/src/modules/platform/entities/invoice-line-item.entity.ts
invoice_line_items,kwh_exported,kwhExported,decimal,no,no,,monitoreo-v2/backend/src/modules/platform/entities/invoice-line-item.entity.ts
invoice_line_items,net_balance,netBalance,decimal,no,no,,monitoreo-v2/backend/src/modules/platform/entities/invoice-line-item.entity.ts
invoice_line_items,energy_charge,energyCharge,decimal,no,no,,monitoreo-v2/backend/src/modules/platform/entities/invoice-line-item.entity.ts
invoice_line_items,demand_charge,demandCharge,decimal,no,no,,monitoreo-v2/backend/src/modules/platform/entities/invoice-line-item.entity.ts
invoice_line_items,reactive_charge,reactiveCharge,decimal,no,no,,monitoreo-v2/backend/src/modules/platform/entities/invoice-line-item.entity.ts
invoice_line_items,fixed_charge,fixedCharge,decimal,no,no,,monitoreo-v2/backend/src/modules/platform/entities/invoice-line-item.entity.ts
invoice_line_items,total_net,totalNet,decimal,no,no,,monitoreo-v2/backend/src/modules/platform/entities/invoice-line-item.entity.ts
invoices,id,id,uuid,no,yes,,monitoreo-v2/backend/src/modules/platform/entities/invoice.entity.ts
invoices,tenant_id,tenantId,varchar,no,no,,monitoreo-v2/backend/src/modules/platform/entities/invoice.entity.ts
invoices,building_id,buildingId,varchar,no,no,,monitoreo-v2/backend/src/modules/platform/entities/invoice.entity.ts
invoices,tariff_id,tariffId,uuid,yes,no,,monitoreo-v2/backend/src/modules/platform/entities/invoice.entity.ts
invoices,invoice_number,invoiceNumber,varchar(50),no,no,,monitoreo-v2/backend/src/modules/platform/entities/invoice.entity.ts
invoices,period_start,periodStart,date,no,no,,monitoreo-v2/backend/src/modules/platform/entities/invoice.entity.ts
invoices,period_end,periodEnd,date,no,no,,monitoreo-v2/backend/src/modules/platform/entities/invoice.entity.ts
invoices,status,status,varchar(20),no,no,,monitoreo-v2/backend/src/modules/platform/entities/invoice.entity.ts
invoices,total_net,totalNet,decimal,no,no,,monitoreo-v2/backend/src/modules/platform/entities/invoice.entity.ts
invoices,tax_rate,taxRate,decimal,no,no,,monitoreo-v2/backend/src/modules/platform/entities/invoice.entity.ts
invoices,tax_amount,taxAmount,decimal,no,no,,monitoreo-v2/backend/src/modules/platform/entities/invoice.entity.ts
invoices,total,total,decimal,no,no,,monitoreo-v2/backend/src/modules/platform/entities/invoice.entity.ts
invoices,notes,notes,text,yes,no,,monitoreo-v2/backend/src/modules/platform/entities/invoice.entity.ts
invoices,approved_by,approvedBy,uuid,yes,no,,monitoreo-v2/backend/src/modules/platform/entities/invoice.entity.ts
invoices,approved_at,approvedAt,timestamptz,yes,no,,monitoreo-v2/backend/src/modules/platform/entities/invoice.entity.ts
invoices,created_by,createdBy,varchar,no,no,,monitoreo-v2/backend/src/modules/platform/entities/invoice.entity.ts
invoices,created_at,createdAt,timestamptz,no,no,,monitoreo-v2/backend/src/modules/platform/entities/invoice.entity.ts
invoices,updated_at,updatedAt,timestamptz,no,no,,monitoreo-v2/backend/src/modules/platform/entities/invoice.entity.ts
meter_reading_status,tenant_id,tenantId,varchar,no,no,,monitoreo-v2/backend/src/modules/platform/entities/meter-reading-status.entity.ts
meter_reading_status,last_reading_at,lastReadingAt,timestamptz,yes,no,,monitoreo-v2/backend/src/modules/platform/entities/meter-reading-status.entity.ts
meter_reading_status,last_ingested_at,lastIngestedAt,timestamptz,yes,no,,monitoreo-v2/backend/src/modules/platform/entities/meter-reading-status.entity.ts
meter_reading_status,last_source,lastSource,varchar(30),yes,no,,monitoreo-v2/backend/src/modules/platform/entities/meter-reading-status.entity.ts
meter_reading_status,updated_at,updatedAt,timestamptz,no,no,,monitoreo-v2/backend/src/modules/platform/entities/meter-reading-status.entity.ts
meters,id,id,uuid,no,yes,,monitoreo-v2/backend/src/modules/platform/entities/meter.entity.ts
meters,tenant_id,tenantId,varchar,no,no,,monitoreo-v2/backend/src/modules/platform/entities/meter.entity.ts
meters,building_id,buildingId,varchar,no,no,,monitoreo-v2/backend/src/modules/platform/entities/meter.entity.ts
meters,name,name,varchar(255),no,no,,monitoreo-v2/backend/src/modules/platform/entities/meter.entity.ts
meters,code,code,varchar(100),no,no,,monitoreo-v2/backend/src/modules/platform/entities/meter.entity.ts
meters,meter_type,meterType,varchar(50),no,no,,monitoreo-v2/backend/src/modules/platform/entities/meter.entity.ts
meters,is_active,isActive,boolean,no,no,,monitoreo-v2/backend/src/modules/platform/entities/meter.entity.ts
meters,metadata,metadata,jsonb,no,no,,monitoreo-v2/backend/src/modules/platform/entities/meter.entity.ts
meters,external_id,externalId,varchar(100),yes,no,,monitoreo-v2/backend/src/modules/platform/entities/meter.entity.ts
meters,model,model,varchar(100),yes,no,,monitoreo-v2/backend/src/modules/platform/entities/meter.entity.ts
meters,serial_number,serialNumber,varchar(100),yes,no,,monitoreo-v2/backend/src/modules/platform/entities/meter.entity.ts
meters,ip_address,ipAddress,inet,yes,no,,monitoreo-v2/backend/src/modules/platform/entities/meter.entity.ts
meters,modbus_address,modbusAddress,smallint,yes,no,,monitoreo-v2/backend/src/modules/platform/entities/meter.entity.ts
meters,bus_id,busId,varchar(100),yes,no,,monitoreo-v2/backend/src/modules/platform/entities/meter.entity.ts
meters,phase_type,phaseType,varchar(20),no,no,,monitoreo-v2/backend/src/modules/platform/entities/meter.entity.ts
meters,di_status,diStatus,varchar(20),no,no,,monitoreo-v2/backend/src/modules/platform/entities/meter.entity.ts
meters,do_status,doStatus,varchar(20),no,no,,monitoreo-v2/backend/src/modules/platform/entities/meter.entity.ts
meters,uplink_route,uplinkRoute,varchar(50),yes,no,,monitoreo-v2/backend/src/modules/platform/entities/meter.entity.ts
meters,crc_errors_last_poll,crcErrorsLastPoll,integer,no,no,,monitoreo-v2/backend/src/modules/platform/entities/meter.entity.ts
meters,nominal_voltage,nominalVoltage,decimal,yes,no,,monitoreo-v2/backend/src/modules/platform/entities/meter.entity.ts
meters,nominal_current,nominalCurrent,decimal,yes,no,,monitoreo-v2/backend/src/modules/platform/entities/meter.entity.ts
meters,contracted_demand_kw,contractedDemandKw,decimal,yes,no,,monitoreo-v2/backend/src/modules/platform/entities/meter.entity.ts
meters,load_category,loadCategory,varchar(30),yes,no,,monitoreo-v2/backend/src/modules/platform/entities/meter.entity.ts
meters,parent_meter_id,parentMeterId,uuid,yes,no,,monitoreo-v2/backend/src/modules/platform/entities/meter.entity.ts
meters,created_at,createdAt,timestamptz,no,no,,monitoreo-v2/backend/src/modules/platform/entities/meter.entity.ts
meters,updated_at,updatedAt,timestamptz,no,no,,monitoreo-v2/backend/src/modules/platform/entities/meter.entity.ts
alerts,id,id,uuid,no,yes,,monitoreo-v2/backend/src/modules/platform/entities/platform-alert.entity.ts
alerts,tenant_id,tenantId,varchar,no,no,,monitoreo-v2/backend/src/modules/platform/entities/platform-alert.entity.ts
alerts,alert_rule_id,alertRuleId,uuid,yes,no,,monitoreo-v2/backend/src/modules/platform/entities/platform-alert.entity.ts
alerts,building_id,buildingId,varchar,no,no,,monitoreo-v2/backend/src/modules/platform/entities/platform-alert.entity.ts
alerts,meter_id,meterId,uuid,yes,no,,monitoreo-v2/backend/src/modules/platform/entities/platform-alert.entity.ts
alerts,alert_type_code,alertTypeCode,varchar(50),no,no,,monitoreo-v2/backend/src/modules/platform/entities/platform-alert.entity.ts
alerts,severity,severity,varchar(20),no,no,,monitoreo-v2/backend/src/modules/platform/entities/platform-alert.entity.ts
alerts,status,status,varchar(20),no,no,,monitoreo-v2/backend/src/modules/platform/entities/platform-alert.entity.ts
alerts,message,message,text,no,no,,monitoreo-v2/backend/src/modules/platform/entities/platform-alert.entity.ts
alerts,triggered_value,triggeredValue,double precision,yes,no,,monitoreo-v2/backend/src/modules/platform/entities/platform-alert.entity.ts
alerts,threshold_value,thresholdValue,double precision,yes,no,,monitoreo-v2/backend/src/modules/platform/entities/platform-alert.entity.ts
alerts,assigned_to,assignedTo,uuid,yes,no,,monitoreo-v2/backend/src/modules/platform/entities/platform-alert.entity.ts
alerts,acknowledged_by,acknowledgedBy,uuid,yes,no,,monitoreo-v2/backend/src/modules/platform/entities/platform-alert.entity.ts
alerts,acknowledged_at,acknowledgedAt,timestamptz,yes,no,,monitoreo-v2/backend/src/modules/platform/entities/platform-alert.entity.ts
alerts,resolved_by,resolvedBy,uuid,yes,no,,monitoreo-v2/backend/src/modules/platform/entities/platform-alert.entity.ts
alerts,resolved_at,resolvedAt,timestamptz,yes,no,,monitoreo-v2/backend/src/modules/platform/entities/platform-alert.entity.ts
alerts,resolution_notes,resolutionNotes,text,yes,no,,monitoreo-v2/backend/src/modules/platform/entities/platform-alert.entity.ts
alerts,created_at,createdAt,timestamptz,no,no,,monitoreo-v2/backend/src/modules/platform/entities/platform-alert.entity.ts
protocol_types,label,label,varchar(100),no,no,,monitoreo-v2/backend/src/modules/platform/entities/protocol-type.entity.ts
protocol_types,description,description,text,yes,no,,monitoreo-v2/backend/src/modules/platform/entities/protocol-type.entity.ts
readings,id,id,uuid,no,yes,,monitoreo-v2/backend/src/modules/platform/entities/reading.entity.ts
readings,tenant_id,tenantId,varchar,no,no,,monitoreo-v2/backend/src/modules/platform/entities/reading.entity.ts
readings,meter_id,meterId,varchar,no,no,,monitoreo-v2/backend/src/modules/platform/entities/reading.entity.ts
readings,timestamp,timestamp,timestamptz,no,no,,monitoreo-v2/backend/src/modules/platform/entities/reading.entity.ts
readings,voltage_l1,voltageL1,decimal,yes,no,,monitoreo-v2/backend/src/modules/platform/entities/reading.entity.ts
readings,voltage_l2,voltageL2,decimal,yes,no,,monitoreo-v2/backend/src/modules/platform/entities/reading.entity.ts
readings,voltage_l3,voltageL3,decimal,yes,no,,monitoreo-v2/backend/src/modules/platform/entities/reading.entity.ts
readings,current_l1,currentL1,decimal,yes,no,,monitoreo-v2/backend/src/modules/platform/entities/reading.entity.ts
readings,current_l2,currentL2,decimal,yes,no,,monitoreo-v2/backend/src/modules/platform/entities/reading.entity.ts
readings,current_l3,currentL3,decimal,yes,no,,monitoreo-v2/backend/src/modules/platform/entities/reading.entity.ts
readings,power_kw,powerKw,decimal,no,no,,monitoreo-v2/backend/src/modules/platform/entities/reading.entity.ts
readings,reactive_power_kvar,reactivePowerKvar,decimal,yes,no,,monitoreo-v2/backend/src/modules/platform/entities/reading.entity.ts
readings,power_factor,powerFactor,decimal,yes,no,,monitoreo-v2/backend/src/modules/platform/entities/reading.entity.ts
readings,frequency_hz,frequencyHz,decimal,yes,no,,monitoreo-v2/backend/src/modules/platform/entities/reading.entity.ts
readings,energy_kwh_total,energyKwhTotal,decimal,no,no,,monitoreo-v2/backend/src/modules/platform/entities/reading.entity.ts
readings,thd_voltage_pct,thdVoltagePct,decimal,yes,no,,monitoreo-v2/backend/src/modules/platform/entities/reading.entity.ts
readings,thd_current_pct,thdCurrentPct,decimal,yes,no,,monitoreo-v2/backend/src/modules/platform/entities/reading.entity.ts
readings,phase_imbalance_pct,phaseImbalancePct,decimal,yes,no,,monitoreo-v2/backend/src/modules/platform/entities/reading.entity.ts
readings,breaker_status,breakerStatus,varchar(10),yes,no,,monitoreo-v2/backend/src/modules/platform/entities/reading.entity.ts
readings,digital_input_1,digitalInput1,smallint,yes,no,,monitoreo-v2/backend/src/modules/platform/entities/reading.entity.ts
readings,digital_input_2,digitalInput2,smallint,yes,no,,monitoreo-v2/backend/src/modules/platform/entities/reading.entity.ts
readings,digital_output_1,digitalOutput1,smallint,yes,no,,monitoreo-v2/backend/src/modules/platform/entities/reading.entity.ts
readings,digital_output_2,digitalOutput2,smallint,yes,no,,monitoreo-v2/backend/src/modules/platform/entities/reading.entity.ts
readings,alarm,alarm,varchar(50),yes,no,,monitoreo-v2/backend/src/modules/platform/entities/reading.entity.ts
readings,modbus_crc_errors,modbusCrcErrors,integer,yes,no,,monitoreo-v2/backend/src/modules/platform/entities/reading.entity.ts
readings,ingested_at,ingestedAt,timestamptz,no,no,,monitoreo-v2/backend/src/modules/platform/entities/reading.entity.ts
readings,source,source,varchar(30),yes,no,,monitoreo-v2/backend/src/modules/platform/entities/reading.entity.ts
regions,id,id,uuid,no,yes,,monitoreo-v2/backend/src/modules/platform/entities/region.entity.ts
regions,tenant_id,tenantId,varchar,no,no,,monitoreo-v2/backend/src/modules/platform/entities/region.entity.ts
regions,code,code,varchar(50),no,no,,monitoreo-v2/backend/src/modules/platform/entities/region.entity.ts
regions,name,name,varchar(255),no,no,,monitoreo-v2/backend/src/modules/platform/entities/region.entity.ts
regions,country_code,countryCode,char(2),no,no,,monitoreo-v2/backend/src/modules/platform/entities/region.entity.ts
regions,created_at,createdAt,timestamptz,no,no,,monitoreo-v2/backend/src/modules/platform/entities/region.entity.ts
regions,updated_at,updatedAt,timestamptz,no,no,,monitoreo-v2/backend/src/modules/platform/entities/region.entity.ts
register_mappings,id,id,uuid,no,yes,,monitoreo-v2/backend/src/modules/platform/entities/register-mapping.entity.ts
register_mappings,tenant_id,tenantId,varchar,yes,no,Null = global template (super_admin only for writes).,monitoreo-v2/backend/src/modules/platform/entities/register-mapping.entity.ts
register_mappings,protocol,protocol,varchar(30),no,no,,monitoreo-v2/backend/src/modules/platform/entities/register-mapping.entity.ts
register_mappings,device_profile,deviceProfile,varchar(100),no,no,,monitoreo-v2/backend/src/modules/platform/entities/register-mapping.entity.ts
register_mappings,register_key,registerKey,varchar(100),no,no,,monitoreo-v2/backend/src/modules/platform/entities/register-mapping.entity.ts
register_mappings,target_field,targetField,varchar(100),no,no,,monitoreo-v2/backend/src/modules/platform/entities/register-mapping.entity.ts
register_mappings,scale_factor,scaleFactor,decimal,no,no,,monitoreo-v2/backend/src/modules/platform/entities/register-mapping.entity.ts
register_mappings,unit,unit,varchar(30),yes,no,,monitoreo-v2/backend/src/modules/platform/entities/register-mapping.entity.ts
register_mappings,created_at,createdAt,timestamptz,no,no,,monitoreo-v2/backend/src/modules/platform/entities/register-mapping.entity.ts
register_mappings,updated_at,updatedAt,timestamptz,no,no,,monitoreo-v2/backend/src/modules/platform/entities/register-mapping.entity.ts
reports,id,id,uuid,no,yes,,monitoreo-v2/backend/src/modules/platform/entities/report.entity.ts
reports,tenant_id,tenantId,varchar,no,no,,monitoreo-v2/backend/src/modules/platform/entities/report.entity.ts
reports,building_id,buildingId,uuid,yes,no,,monitoreo-v2/backend/src/modules/platform/entities/report.entity.ts
reports,report_type,reportType,varchar(50),no,no,,monitoreo-v2/backend/src/modules/platform/entities/report.entity.ts
reports,period_start,periodStart,date,no,no,,monitoreo-v2/backend/src/modules/platform/entities/report.entity.ts
reports,period_end,periodEnd,date,no,no,,monitoreo-v2/backend/src/modules/platform/entities/report.entity.ts
reports,format,format,varchar(10),no,no,,monitoreo-v2/backend/src/modules/platform/entities/report.entity.ts
reports,file_url,fileUrl,text,yes,no,,monitoreo-v2/backend/src/modules/platform/entities/report.entity.ts
reports,file_size_bytes,fileSizeBytes,bigint,yes,no,,monitoreo-v2/backend/src/modules/platform/entities/report.entity.ts
reports,generated_by,generatedBy,varchar,no,no,,monitoreo-v2/backend/src/modules/platform/entities/report.entity.ts
reports,created_at,createdAt,timestamptz,no,no,,monitoreo-v2/backend/src/modules/platform/entities/report.entity.ts
scheduled_reports,id,id,uuid,no,yes,,monitoreo-v2/backend/src/modules/platform/entities/scheduled-report.entity.ts
scheduled_reports,tenant_id,tenantId,varchar,no,no,,monitoreo-v2/backend/src/modules/platform/entities/scheduled-report.entity.ts
scheduled_reports,building_id,buildingId,uuid,yes,no,,monitoreo-v2/backend/src/modules/platform/entities/scheduled-report.entity.ts
scheduled_reports,report_type,reportType,varchar(50),no,no,,monitoreo-v2/backend/src/modules/platform/entities/scheduled-report.entity.ts
scheduled_reports,format,format,varchar(10),no,no,,monitoreo-v2/backend/src/modules/platform/entities/scheduled-report.entity.ts
scheduled_reports,cron_expression,cronExpression,varchar(100),no,no,,monitoreo-v2/backend/src/modules/platform/entities/scheduled-report.entity.ts
scheduled_reports,recipients,recipients,jsonb,no,no,,monitoreo-v2/backend/src/modules/platform/entities/scheduled-report.entity.ts
scheduled_reports,is_active,isActive,boolean,no,no,,monitoreo-v2/backend/src/modules/platform/entities/scheduled-report.entity.ts
scheduled_reports,last_run_at,lastRunAt,timestamptz,yes,no,,monitoreo-v2/backend/src/modules/platform/entities/scheduled-report.entity.ts
scheduled_reports,next_run_at,nextRunAt,timestamptz,yes,no,,monitoreo-v2/backend/src/modules/platform/entities/scheduled-report.entity.ts
scheduled_reports,created_by,createdBy,varchar,no,no,,monitoreo-v2/backend/src/modules/platform/entities/scheduled-report.entity.ts
scheduled_reports,created_at,createdAt,timestamptz,no,no,,monitoreo-v2/backend/src/modules/platform/entities/scheduled-report.entity.ts
scheduled_reports,updated_at,updatedAt,timestamptz,no,no,,monitoreo-v2/backend/src/modules/platform/entities/scheduled-report.entity.ts
tariff_blocks,id,id,uuid,no,yes,,monitoreo-v2/backend/src/modules/platform/entities/tariff-block.entity.ts
tariff_blocks,tariff_id,tariffId,varchar,no,no,,monitoreo-v2/backend/src/modules/platform/entities/tariff-block.entity.ts
tariff_blocks,block_name,blockName,varchar(50),no,no,,monitoreo-v2/backend/src/modules/platform/entities/tariff-block.entity.ts
tariff_blocks,hour_start,hourStart,smallint,no,no,,monitoreo-v2/backend/src/modules/platform/entities/tariff-block.entity.ts
tariff_blocks,hour_end,hourEnd,smallint,no,no,,monitoreo-v2/backend/src/modules/platform/entities/tariff-block.entity.ts
tariff_blocks,energy_rate,energyRate,decimal,no,no,,monitoreo-v2/backend/src/modules/platform/entities/tariff-block.entity.ts
tariff_blocks,demand_rate,demandRate,decimal,no,no,,monitoreo-v2/backend/src/modules/platform/entities/tariff-block.entity.ts
tariff_blocks,reactive_rate,reactiveRate,decimal,no,no,,monitoreo-v2/backend/src/modules/platform/entities/tariff-block.entity.ts
tariff_blocks,fixed_charge,fixedCharge,decimal,no,no,,monitoreo-v2/backend/src/modules/platform/entities/tariff-block.entity.ts
tariffs,id,id,uuid,no,yes,,monitoreo-v2/backend/src/modules/platform/entities/tariff.entity.ts
tariffs,tenant_id,tenantId,varchar,no,no,,monitoreo-v2/backend/src/modules/platform/entities/tariff.entity.ts
tariffs,building_id,buildingId,varchar,no,no,,monitoreo-v2/backend/src/modules/platform/entities/tariff.entity.ts
tariffs,name,name,varchar(255),no,no,,monitoreo-v2/backend/src/modules/platform/entities/tariff.entity.ts
tariffs,effective_from,effectiveFrom,date,no,no,,monitoreo-v2/backend/src/modules/platform/entities/tariff.entity.ts
tariffs,effective_to,effectiveTo,date,yes,no,,monitoreo-v2/backend/src/modules/platform/entities/tariff.entity.ts
tariffs,is_active,isActive,boolean,no,no,,monitoreo-v2/backend/src/modules/platform/entities/tariff.entity.ts
tariffs,created_by,createdBy,uuid,yes,no,,monitoreo-v2/backend/src/modules/platform/entities/tariff.entity.ts
tariffs,created_at,createdAt,timestamptz,no,no,,monitoreo-v2/backend/src/modules/platform/entities/tariff.entity.ts
tariffs,updated_at,updatedAt,timestamptz,no,no,,monitoreo-v2/backend/src/modules/platform/entities/tariff.entity.ts
tenant_units,id,id,uuid,no,yes,,monitoreo-v2/backend/src/modules/platform/entities/tenant-unit.entity.ts
tenant_units,tenant_id,tenantId,varchar,no,no,,monitoreo-v2/backend/src/modules/platform/entities/tenant-unit.entity.ts
tenant_units,building_id,buildingId,varchar,no,no,,monitoreo-v2/backend/src/modules/platform/entities/tenant-unit.entity.ts
tenant_units,name,name,varchar(255),no,no,,monitoreo-v2/backend/src/modules/platform/entities/tenant-unit.entity.ts
tenant_units,unit_code,unitCode,varchar(50),no,no,,monitoreo-v2/backend/src/modules/platform/entities/tenant-unit.entity.ts
tenant_units,external_unit_id,externalUnitId,varchar(100),yes,no,,monitoreo-v2/backend/src/modules/platform/entities/tenant-unit.entity.ts
tenant_units,contact_name,contactName,varchar(255),yes,no,,monitoreo-v2/backend/src/modules/platform/entities/tenant-unit.entity.ts
tenant_units,contact_email,contactEmail,varchar(255),yes,no,,monitoreo-v2/backend/src/modules/platform/entities/tenant-unit.entity.ts
tenant_units,user_id,userId,uuid,yes,no,,monitoreo-v2/backend/src/modules/platform/entities/tenant-unit.entity.ts
tenant_units,is_active,isActive,boolean,no,no,,monitoreo-v2/backend/src/modules/platform/entities/tenant-unit.entity.ts
tenant_units,created_at,createdAt,timestamptz,no,no,,monitoreo-v2/backend/src/modules/platform/entities/tenant-unit.entity.ts
tenant_units,updated_at,updatedAt,timestamptz,no,no,,monitoreo-v2/backend/src/modules/platform/entities/tenant-unit.entity.ts
webhook_delivery_logs,id,id,uuid,no,yes,,monitoreo-v2/backend/src/modules/platform/entities/webhook-delivery-log.entity.ts
webhook_delivery_logs,tenant_id,tenantId,varchar,no,no,,monitoreo-v2/backend/src/modules/platform/entities/webhook-delivery-log.entity.ts
webhook_delivery_logs,subscription_id,subscriptionId,varchar,yes,no,,monitoreo-v2/backend/src/modules/platform/entities/webhook-delivery-log.entity.ts
webhook_delivery_logs,event_type,eventType,varchar(50),no,no,,monitoreo-v2/backend/src/modules/platform/entities/webhook-delivery-log.entity.ts
webhook_delivery_logs,url,url,text,no,no,,monitoreo-v2/backend/src/modules/platform/entities/webhook-delivery-log.entity.ts
webhook_delivery_logs,status,status,varchar(20),no,no,,monitoreo-v2/backend/src/modules/platform/entities/webhook-delivery-log.entity.ts
webhook_delivery_logs,http_status,httpStatus,integer,yes,no,,monitoreo-v2/backend/src/modules/platform/entities/webhook-delivery-log.entity.ts
webhook_delivery_logs,attempt_count,attemptCount,integer,no,no,,monitoreo-v2/backend/src/modules/platform/entities/webhook-delivery-log.entity.ts
webhook_delivery_logs,error_message,errorMessage,text,yes,no,,monitoreo-v2/backend/src/modules/platform/entities/webhook-delivery-log.entity.ts
webhook_delivery_logs,payload,payload,jsonb,no,no,,monitoreo-v2/backend/src/modules/platform/entities/webhook-delivery-log.entity.ts
webhook_delivery_logs,created_at,createdAt,timestamptz,no,no,,monitoreo-v2/backend/src/modules/platform/entities/webhook-delivery-log.entity.ts
webhook_subscriptions,id,id,uuid,no,yes,,monitoreo-v2/backend/src/modules/platform/entities/webhook-subscription.entity.ts
webhook_subscriptions,tenant_id,tenantId,varchar,no,no,,monitoreo-v2/backend/src/modules/platform/entities/webhook-subscription.entity.ts
webhook_subscriptions,event_type,eventType,varchar(50),no,no,,monitoreo-v2/backend/src/modules/platform/entities/webhook-subscription.entity.ts
webhook_subscriptions,url,url,text,no,no,,monitoreo-v2/backend/src/modules/platform/entities/webhook-subscription.entity.ts
webhook_subscriptions,secret,secret,text,no,no,,monitoreo-v2/backend/src/modules/platform/entities/webhook-subscription.entity.ts
webhook_subscriptions,active,active,boolean,no,no,,monitoreo-v2/backend/src/modules/platform/entities/webhook-subscription.entity.ts
webhook_subscriptions,created_at,createdAt,timestamptz,no,no,,monitoreo-v2/backend/src/modules/platform/entities/webhook-subscription.entity.ts
webhook_subscriptions,updated_at,updatedAt,timestamptz,no,no,,monitoreo-v2/backend/src/modules/platform/entities/webhook-subscription.entity.ts
permissions,id,id,uuid,no,yes,,monitoreo-v2/backend/src/modules/roles/entities/permission.entity.ts
permissions,module,module,varchar(100),no,no,,monitoreo-v2/backend/src/modules/roles/entities/permission.entity.ts
permissions,action,action,varchar(50),no,no,,monitoreo-v2/backend/src/modules/roles/entities/permission.entity.ts
permissions,description,description,text,yes,no,,monitoreo-v2/backend/src/modules/roles/entities/permission.entity.ts
role_permissions,access_level,accessLevel,varchar(10),no,no,,monitoreo-v2/backend/src/modules/roles/entities/role-permission.entity.ts
roles,id,id,uuid,no,yes,,monitoreo-v2/backend/src/modules/roles/entities/role.entity.ts
roles,tenant_id,tenantId,varchar,no,no,,monitoreo-v2/backend/src/modules/roles/entities/role.entity.ts
roles,name,name,varchar(100),no,no,,monitoreo-v2/backend/src/modules/roles/entities/role.entity.ts
roles,slug,slug,varchar(100),no,no,,monitoreo-v2/backend/src/modules/roles/entities/role.entity.ts
roles,description,description,text,yes,no,,monitoreo-v2/backend/src/modules/roles/entities/role.entity.ts
roles,max_session_minutes,maxSessionMinutes,integer,no,no,,monitoreo-v2/backend/src/modules/roles/entities/role.entity.ts
roles,hierarchy_level,hierarchyLevel,smallint,no,no,,monitoreo-v2/backend/src/modules/roles/entities/role.entity.ts
roles,is_default,isDefault,boolean,no,no,,monitoreo-v2/backend/src/modules/roles/entities/role.entity.ts
roles,require_mfa,requireMfa,boolean,no,no,,monitoreo-v2/backend/src/modules/roles/entities/role.entity.ts
roles,is_active,isActive,boolean,no,no,,monitoreo-v2/backend/src/modules/roles/entities/role.entity.ts
roles,created_at,createdAt,timestamptz,no,no,,monitoreo-v2/backend/src/modules/roles/entities/role.entity.ts
roles,updated_at,updatedAt,timestamptz,no,no,,monitoreo-v2/backend/src/modules/roles/entities/role.entity.ts
refresh_tokens,id,id,uuid,no,yes,,monitoreo-v2/backend/src/modules/sessions/entities/refresh-token.entity.ts
refresh_tokens,user_id,userId,varchar,no,no,,monitoreo-v2/backend/src/modules/sessions/entities/refresh-token.entity.ts
refresh_tokens,token_hash,tokenHash,varchar(128),no,no,,monitoreo-v2/backend/src/modules/sessions/entities/refresh-token.entity.ts
refresh_tokens,expires_at,expiresAt,timestamptz,no,no,,monitoreo-v2/backend/src/modules/sessions/entities/refresh-token.entity.ts
refresh_tokens,created_at,createdAt,timestamptz,no,no,,monitoreo-v2/backend/src/modules/sessions/entities/refresh-token.entity.ts
refresh_tokens,revoked_at,revokedAt,timestamptz,yes,no,,monitoreo-v2/backend/src/modules/sessions/entities/refresh-token.entity.ts
refresh_tokens,revoked_reason,revokedReason,varchar(100),yes,no,,monitoreo-v2/backend/src/modules/sessions/entities/refresh-token.entity.ts
refresh_tokens,ip_address,ipAddress,inet,yes,no,,monitoreo-v2/backend/src/modules/sessions/entities/refresh-token.entity.ts
refresh_tokens,user_agent,userAgent,text,yes,no,,monitoreo-v2/backend/src/modules/sessions/entities/refresh-token.entity.ts
tenants,id,id,uuid,no,yes,,monitoreo-v2/backend/src/modules/tenants/entities/tenant.entity.ts
tenants,name,name,varchar(255),no,no,,monitoreo-v2/backend/src/modules/tenants/entities/tenant.entity.ts
tenants,slug,slug,varchar(100),no,no,,monitoreo-v2/backend/src/modules/tenants/entities/tenant.entity.ts
tenants,is_active,isActive,boolean,no,no,,monitoreo-v2/backend/src/modules/tenants/entities/tenant.entity.ts
tenants,primary_color,primaryColor,varchar(7),no,no,,monitoreo-v2/backend/src/modules/tenants/entities/tenant.entity.ts
tenants,secondary_color,secondaryColor,varchar(7),no,no,,monitoreo-v2/backend/src/modules/tenants/entities/tenant.entity.ts
tenants,logo_url,logoUrl,text,yes,no,,monitoreo-v2/backend/src/modules/tenants/entities/tenant.entity.ts
tenants,favicon_url,faviconUrl,text,yes,no,,monitoreo-v2/backend/src/modules/tenants/entities/tenant.entity.ts
tenants,app_title,appTitle,varchar(100),no,no,,monitoreo-v2/backend/src/modules/tenants/entities/tenant.entity.ts
tenants,sidebar_color,sidebarColor,varchar(7),no,no,,monitoreo-v2/backend/src/modules/tenants/entities/tenant.entity.ts
tenants,accent_color,accentColor,varchar(7),no,no,,monitoreo-v2/backend/src/modules/tenants/entities/tenant.entity.ts
tenants,address,address,varchar(255),yes,no,,monitoreo-v2/backend/src/modules/tenants/entities/tenant.entity.ts
tenants,address_detail,addressDetail,varchar(255),yes,no,,monitoreo-v2/backend/src/modules/tenants/entities/tenant.entity.ts
tenants,phone,phone,varchar(50),yes,no,,monitoreo-v2/backend/src/modules/tenants/entities/tenant.entity.ts
tenants,tax_id,taxId,varchar(50),yes,no,,monitoreo-v2/backend/src/modules/tenants/entities/tenant.entity.ts
tenants,settings,settings,jsonb,no,no,,monitoreo-v2/backend/src/modules/tenants/entities/tenant.entity.ts
tenants,timezone,timezone,varchar(50),no,no,,monitoreo-v2/backend/src/modules/tenants/entities/tenant.entity.ts
tenants,default_country_code,defaultCountryCode,char(2),yes,no,,monitoreo-v2/backend/src/modules/tenants/entities/tenant.entity.ts
tenants,default_currency,defaultCurrency,char(3),yes,no,,monitoreo-v2/backend/src/modules/tenants/entities/tenant.entity.ts
tenants,created_at,createdAt,timestamptz,no,no,,monitoreo-v2/backend/src/modules/tenants/entities/tenant.entity.ts
tenants,updated_at,updatedAt,timestamptz,no,no,,monitoreo-v2/backend/src/modules/tenants/entities/tenant.entity.ts
users,id,id,uuid,no,yes,,monitoreo-v2/backend/src/modules/users/entities/user.entity.ts
users,tenant_id,tenantId,varchar,no,no,,monitoreo-v2/backend/src/modules/users/entities/user.entity.ts
users,email,email,varchar(255),no,no,,monitoreo-v2/backend/src/modules/users/entities/user.entity.ts
users,display_name,displayName,varchar(255),yes,no,,monitoreo-v2/backend/src/modules/users/entities/user.entity.ts
users,auth_provider,authProvider,varchar(20),no,no,,monitoreo-v2/backend/src/modules/users/entities/user.entity.ts
users,auth_provider_id,authProviderId,varchar(255),no,no,,monitoreo-v2/backend/src/modules/users/entities/user.entity.ts
users,role_id,roleId,varchar,no,no,,monitoreo-v2/backend/src/modules/users/entities/user.entity.ts
users,is_active,isActive,boolean,no,no,,monitoreo-v2/backend/src/modules/users/entities/user.entity.ts
users,mfa_secret,mfaSecret,varchar(255),yes,no,,monitoreo-v2/backend/src/modules/users/entities/user.entity.ts
users,mfa_enabled,mfaEnabled,boolean,no,no,,monitoreo-v2/backend/src/modules/users/entities/user.entity.ts
users,mfa_recovery_codes,mfaRecoveryCodes,text,yes,no,,monitoreo-v2/backend/src/modules/users/entities/user.entity.ts
users,privacy_accepted_at,privacyAcceptedAt,timestamptz,yes,no,,monitoreo-v2/backend/src/modules/users/entities/user.entity.ts
users,privacy_policy_version,privacyPolicyVersion,varchar(20),yes,no,,monitoreo-v2/backend/src/modules/users/entities/user.entity.ts
users,data_processing_blocked,dataProcessingBlocked,boolean,no,no,,monitoreo-v2/backend/src/modules/users/entities/user.entity.ts
users,block_reason,blockReason,text,yes,no,,monitoreo-v2/backend/src/modules/users/entities/user.entity.ts
users,blocked_at,blockedAt,timestamptz,yes,no,,monitoreo-v2/backend/src/modules/users/entities/user.entity.ts
users,opt_out_automated_decisions,optOutAutomatedDecisions,boolean,no,no,,monitoreo-v2/backend/src/modules/users/entities/user.entity.ts
users,age_verified,ageVerified,boolean,no,no,,monitoreo-v2/backend/src/modules/users/entities/user.entity.ts
users,last_login_at,lastLoginAt,timestamptz,yes,no,,monitoreo-v2/backend/src/modules/users/entities/user.entity.ts
users,created_at,createdAt,timestamptz,no,no,,monitoreo-v2/backend/src/modules/users/entities/user.entity.ts
users,updated_at,updatedAt,timestamptz,no,no,,monitoreo-v2/backend/src/modules/users/entities/user.entity.ts
